Question,Answer
What crops can I grow in [location]?,"In [location], you can grow crops such as wheat, rice, corn, and soybeans."
What is the best planting season for corn?,The best planting season for corn is from late spring to early summer when the soil temperature is warm.
How can I control pests in my farm?,"You can control pests by using integrated pest management (IPM), which includes biological control, traps, and organic pesticides."
What are the best practices for soil health?,"Best practices include crop rotation, cover cropping, and regular soil testing."
How do I improve crop yield?,"Improve crop yield by ensuring proper irrigation, fertilization, pest control, and using high-quality seeds."
What is organic farming?,Organic farming is an agricultural method that aims to produce food without synthetic fertilizers or pesticides.
What are the benefits of crop rotation?,"Crop rotation improves soil health, reduces pest and disease buildup, and increases biodiversity."
What is precision agriculture?,Precision agriculture uses technology and data to optimize farming practices and increase efficiency.
How can I get a soil test for my farm?,You can contact your local agricultural extension office or use a commercial soil testing service.
What are the main factors affecting crop growth?,"Main factors include soil quality, water availability, sunlight, temperature, and pest management."
